-- phpMyAdmin SQL Dump
-- version 4.7.4
-- https://www.phpmyadmin.net/
--
-- Host: 127.0.0.1
-- Generation Time: 15 Jan 2018 pada 14.45
-- Versi Server: 10.1.29-MariaDB
-- PHP Version: 7.2.0

SET SQL_MODE = "NO_AUTO_VALUE_ON_ZERO";
SET AUTOCOMMIT = 0;
START TRANSACTION;
SET time_zone = "+00:00";


/*!40101 SET @OLD_CHARACTER_SET_CLIENT=@@CHARACTER_SET_CLIENT */;
/*!40101 SET @OLD_CHARACTER_SET_RESULTS=@@CHARACTER_SET_RESULTS */;
/*!40101 SET @OLD_COLLATION_CONNECTION=@@COLLATION_CONNECTION */;
/*!40101 SET NAMES utf8mb4 */;

--
-- Database: `sig`
--

-- --------------------------------------------------------

--
-- Struktur dari tabel `ci_session`
--

CREATE TABLE `ci_session` (
  `id` varchar(128) NOT NULL,
  `ip_address` varchar(45) NOT NULL,
  `timestamp` int(10) UNSIGNED NOT NULL DEFAULT '0',
  `data` blob NOT NULL
) ENGINE=InnoDB DEFAULT CHARSET=latin1;

--
-- Dumping data untuk tabel `ci_session`
--

INSERT INTO `ci_session` (`id`, `ip_address`, `timestamp`, `data`) VALUES
('jhuko58gpqr9qkil4vdj6glqq1d59t8e', '127.0.0.1', 1483622506, 0x5f5f63695f6c6173745f726567656e65726174657c693a313438333632323530363b),
('21203q95mqldrps2k46j1vs14uqdefmb', '::1', 1483699364, 0x5f5f63695f6c6173745f726567656e65726174657c693a313438333639393336343b),
('srip8qtsvr1tru1uep9vj42i0ev7995v', '::1', 1483699792, 0x5f5f63695f6c6173745f726567656e65726174657c693a313438333639393739323b),
('ific4ocsgbboqhevcbcelutrdkjmt6rv', '::1', 1483699415, 0x5f5f63695f6c6173745f726567656e65726174657c693a313438333639393431353b),
('j7vjggfb87731ddg120d6bnan39i7b7t', '::1', 1483699796, 0x5f5f63695f6c6173745f726567656e65726174657c693a313438333639393739323b),
('ig788eos01d3ldp84ce1jlf5e7heb1ub', '127.0.0.1', 1483876216, 0x5f5f63695f6c6173745f726567656e65726174657c693a313438333837363231353b),
('1hjeqf0lkoi12vordm1bajn27q6u4jiu', '127.0.0.1', 1483883304, 0x5f5f63695f6c6173745f726567656e65726174657c693a313438333838333330343b),
('qdjqqfm2rcld3o60b3e8q54s3ct1f4q0', '127.0.0.1', 1483878392, 0x5f5f63695f6c6173745f726567656e65726174657c693a313438333837383339323b),
('ucsq240j2tn4p80pu0rqt69l4rus3rv9', '127.0.0.1', 1483882285, 0x5f5f63695f6c6173745f726567656e65726174657c693a313438333838323238353b),
('d2vr2nkmn26i5i1n2degitq0pql7u6ko', '127.0.0.1', 1483883304, 0x5f5f63695f6c6173745f726567656e65726174657c693a313438333838333330343b),
('d47n9trcp37ggp4qriisi8i9q619e3av', '127.0.0.1', 1483951418, 0x5f5f63695f6c6173745f726567656e65726174657c693a313438333935313431383b),
('g6n1q710o42pr5k1dhdflhckv3u7muq8', '127.0.0.1', 1483951418, 0x5f5f63695f6c6173745f726567656e65726174657c693a313438333935313431383b),
('r7kaek3f9e6fdt6kc7jjdu8vtq7ahrbr', '127.0.0.1', 1483952262, 0x5f5f63695f6c6173745f726567656e65726174657c693a313438333935323137383b),
('lr6nkqufvvcbrbrv3ihcifbpq3svftd9', '::1', 1484542057, 0x5f5f63695f6c6173745f726567656e65726174657c693a313438343534323035363b),
('rdk74m11kc3qm4mgbi026jhkgs2n727n', '127.0.0.1', 1484653919, 0x5f5f63695f6c6173745f726567656e65726174657c693a313438343635333930333b),
('qfuc6ketr7lotam89sa7q85qp70joo5e', '127.0.0.1', 1484658361, 0x5f5f63695f6c6173745f726567656e65726174657c693a313438343635383336313b),
('a3lendb3cv9qinhdqj513srms9tn9jm7', '::1', 1484666216, 0x5f5f63695f6c6173745f726567656e65726174657c693a313438343636363231363b),
('4djug3vofkd912sp146h7g4iea7m62f8', '::1', 1484666398, 0x5f5f63695f6c6173745f726567656e65726174657c693a313438343636363339383b),
('c92anpg58688iflemajjc0ufrs9guqeh', '127.0.0.1', 1484670671, 0x5f5f63695f6c6173745f726567656e65726174657c693a313438343637303637313b),
('nh2slvudia5bminfrtvsumbo38e7a0gg', '127.0.0.1', 1484701744, 0x5f5f63695f6c6173745f726567656e65726174657c693a313438343730313536353b),
('tt2n2c4g4giuo8eunfag0a8v5hkg79d2', '127.0.0.1', 1484701873, 0x5f5f63695f6c6173745f726567656e65726174657c693a313438343730313735333b),
('pn66go8jtdt0v50a6bck4d8i478u010b', '127.0.0.1', 1484702023, 0x5f5f63695f6c6173745f726567656e65726174657c693a313438343730313837373b),
('c56nehaluicuhie5hmk8iiqhngr81kqq', '127.0.0.1', 1484702373, 0x5f5f63695f6c6173745f726567656e65726174657c693a313438343730323337333b),
('d71bv7d776a0vuqc16gnbp7sj35gvari', '127.0.0.1', 1484702199, 0x5f5f63695f6c6173745f726567656e65726174657c693a313438343730323139393b),
('vdervhhg1pidn9brsdvd34qhufi516o8', '127.0.0.1', 1484702757, 0x5f5f63695f6c6173745f726567656e65726174657c693a313438343730323731323b),
('adro7gtn6sq4gthmt4i0l77r7q8bn2la', '127.0.0.1', 1484703091, 0x5f5f63695f6c6173745f726567656e65726174657c693a313438343730333039313b6c6f676765645f696e7c733a31323a225375646168204c6f6767696e223b69647c733a313a2231223b6e616d617c733a31343a2248696c6d616e20456666656e6469223b757365726e616d657c733a353a2261646d696e223b70617373776f72647c733a33323a223231323332663239376135376135613734333839346130653461383031666333223b666f746f7c733a353a22612e6a7067223b6c6576656c7c733a313a2231223b757365725f69647c733a383a226173646661647366223b),
('tcghlhoptnnl8843tid2583fk15l8ei7', '127.0.0.1', 1484703405, 0x5f5f63695f6c6173745f726567656e65726174657c693a313438343730333430353b6c6f676765645f696e7c733a31323a225375646168204c6f6767696e223b69647c733a313a2231223b6e616d617c733a31343a2248696c6d616e20456666656e6469223b757365726e616d657c733a353a2261646d696e223b70617373776f72647c733a33323a223231323332663239376135376135613734333839346130653461383031666333223b666f746f7c733a353a22612e6a7067223b6c6576656c7c733a313a2231223b757365725f69647c733a383a226173646661647366223b),
('mkdveerqhdjdf7952ierhiu0tekl3e1m', '127.0.0.1', 1484703494, 0x5f5f63695f6c6173745f726567656e65726174657c693a313438343730333430353b6c6f676765645f696e7c733a31323a225375646168204c6f6767696e223b69647c733a313a2231223b6e616d617c733a31343a2248696c6d616e20456666656e6469223b757365726e616d657c733a353a2261646d696e223b70617373776f72647c733a33323a223231323332663239376135376135613734333839346130653461383031666333223b666f746f7c733a353a22612e6a7067223b6c6576656c7c733a313a2231223b757365725f69647c733a383a226173646661647366223b),
('t8al1jol695b123l774ttaihv3csal5o', '127.0.0.1', 1484703530, 0x5f5f63695f6c6173745f726567656e65726174657c693a313438343730333439393b6c6f676765645f696e7c733a31323a225375646168204c6f6767696e223b69647c733a313a2231223b6e616d617c733a31343a2248696c6d616e20456666656e6469223b757365726e616d657c733a353a2261646d696e223b70617373776f72647c733a33323a223231323332663239376135376135613734333839346130653461383031666333223b666f746f7c733a353a22612e6a7067223b6c6576656c7c733a313a2231223b757365725f69647c733a383a226173646661647366223b),
('na3mf5lmd70tdrehp9jp61bfjho5d911', '127.0.0.1', 1484703871, 0x5f5f63695f6c6173745f726567656e65726174657c693a313438343730333837313b6c6f676765645f696e7c733a31323a225375646168204c6f6767696e223b69647c733a313a2231223b6e616d617c733a31343a2248696c6d616e20456666656e6469223b757365726e616d657c733a353a2261646d696e223b70617373776f72647c733a33323a223231323332663239376135376135613734333839346130653461383031666333223b666f746f7c733a353a22612e6a7067223b6c6576656c7c733a313a2231223b757365725f69647c733a383a226173646661647366223b),
('ephntf3ir034t7a9ame1g143bghfp6r9', '127.0.0.1', 1484706841, 0x5f5f63695f6c6173745f726567656e65726174657c693a313438343730363834313b6c6f676765645f696e7c733a31323a225375646168204c6f6767696e223b69647c733a313a2231223b6e616d617c733a31343a2248696c6d616e20456666656e6469223b757365726e616d657c733a353a2261646d696e223b70617373776f72647c733a33323a223231323332663239376135376135613734333839346130653461383031666333223b666f746f7c733a353a22612e6a7067223b6c6576656c7c733a313a2231223b757365725f69647c733a383a226173646661647366223b),
('9a9sa7i78fp44v9n96hn7odgmnh2p965', '127.0.0.1', 1484705641, 0x5f5f63695f6c6173745f726567656e65726174657c693a313438343730353634303b),
('rsern2knbhsgnlbvkdc3n6ccqqvun1t4', '127.0.0.1', 1484705641, 0x5f5f63695f6c6173745f726567656e65726174657c693a313438343730353634313b),
('kkvjdb5dsr52mf5kk767kemikv4492sc', '127.0.0.1', 1484707154, 0x5f5f63695f6c6173745f726567656e65726174657c693a313438343730373135343b6c6f676765645f696e7c733a31323a225375646168204c6f6767696e223b69647c733a313a2231223b6e616d617c733a31343a2248696c6d616e20456666656e6469223b757365726e616d657c733a353a2261646d696e223b70617373776f72647c733a33323a223231323332663239376135376135613734333839346130653461383031666333223b666f746f7c733a353a22612e6a7067223b6c6576656c7c733a313a2231223b757365725f69647c733a383a226173646661647366223b),
('v9jdeasvcrsfn1vv99rotbcac4fbfqo6', '127.0.0.1', 1484707155, 0x5f5f63695f6c6173745f726567656e65726174657c693a313438343730373135343b6c6f676765645f696e7c733a31323a225375646168204c6f6767696e223b69647c733a313a2231223b6e616d617c733a31343a2248696c6d616e20456666656e6469223b757365726e616d657c733a353a2261646d696e223b70617373776f72647c733a33323a223231323332663239376135376135613734333839346130653461383031666333223b666f746f7c733a353a22612e6a7067223b6c6576656c7c733a313a2231223b757365725f69647c733a383a226173646661647366223b),
('52n0a4kd9vajo6h1n3bhrnfutklnj3do', '127.0.0.1', 1484914099, 0x5f5f63695f6c6173745f726567656e65726174657c693a313438343931343039393b),
('bj5chpjtqjl7fcrqv8eole32rss4bhj5', '127.0.0.1', 1484914761, 0x5f5f63695f6c6173745f726567656e65726174657c693a313438343931343736313b6c6f676765645f696e7c733a31323a225375646168204c6f6767696e223b69647c733a313a2231223b6e616d617c733a31343a2248696c6d616e20456666656e6469223b757365726e616d657c733a353a2261646d696e223b70617373776f72647c733a33323a223231323332663239376135376135613734333839346130653461383031666333223b666f746f7c733a31393a22666f746f5f313438343730333937322e6a7067223b6c6576656c7c733a313a2231223b757365725f69647c733a383a226173646661647366223b),
('36k76eo4qk67itmu0er1lahbcfvct622', '127.0.0.1', 1484914187, 0x5f5f63695f6c6173745f726567656e65726174657c693a313438343931343138373b),
('iq244t626djjg0domo9htvcmcj2pf0gr', '127.0.0.1', 1484915079, 0x5f5f63695f6c6173745f726567656e65726174657c693a313438343931353037393b6c6f676765645f696e7c733a31323a225375646168204c6f6767696e223b69647c733a313a2231223b6e616d617c733a31343a2248696c6d616e20456666656e6469223b757365726e616d657c733a353a2261646d696e223b70617373776f72647c733a33323a223231323332663239376135376135613734333839346130653461383031666333223b666f746f7c733a31393a22666f746f5f313438343730333937322e6a7067223b6c6576656c7c733a313a2231223b757365725f69647c733a383a226173646661647366223b),
('08o957jefhqe5vfarvsh5rn5cj2okco0', '127.0.0.1', 1484915843, 0x5f5f63695f6c6173745f726567656e65726174657c693a313438343931353834333b6c6f676765645f696e7c733a31323a225375646168204c6f6767696e223b69647c733a313a2231223b6e616d617c733a31343a2248696c6d616e20456666656e6469223b757365726e616d657c733a353a2261646d696e223b70617373776f72647c733a33323a223231323332663239376135376135613734333839346130653461383031666333223b666f746f7c733a31393a22666f746f5f313438343730333937322e6a7067223b6c6576656c7c733a313a2231223b757365725f69647c733a383a226173646661647366223b),
('3kphplqfv6hroiqh2idhs2fvj9simob4', '127.0.0.1', 1484916406, 0x5f5f63695f6c6173745f726567656e65726174657c693a313438343931363430363b6c6f676765645f696e7c733a31323a225375646168204c6f6767696e223b69647c733a313a2231223b6e616d617c733a31343a2248696c6d616e20456666656e6469223b757365726e616d657c733a353a2261646d696e223b70617373776f72647c733a33323a223231323332663239376135376135613734333839346130653461383031666333223b666f746f7c733a31393a22666f746f5f313438343730333937322e6a7067223b6c6576656c7c733a313a2231223b757365725f69647c733a383a226173646661647366223b),
('f9714m1tit7at3guujla1m6ptv2g9pc1', '127.0.0.1', 1484916811, 0x5f5f63695f6c6173745f726567656e65726174657c693a313438343931363831313b6c6f676765645f696e7c733a31323a225375646168204c6f6767696e223b69647c733a313a2231223b6e616d617c733a31343a2248696c6d616e20456666656e6469223b757365726e616d657c733a353a2261646d696e223b70617373776f72647c733a33323a223231323332663239376135376135613734333839346130653461383031666333223b666f746f7c733a31393a22666f746f5f313438343730333937322e6a7067223b6c6576656c7c733a313a2231223b757365725f69647c733a383a226173646661647366223b),
('lorjc3o5l1h8f4frju096uvhn6mmkahs', '127.0.0.1', 1484920020, 0x5f5f63695f6c6173745f726567656e65726174657c693a313438343932303032303b6c6f676765645f696e7c733a31323a225375646168204c6f6767696e223b69647c733a313a2231223b6e616d617c733a31343a2248696c6d616e20456666656e6469223b757365726e616d657c733a353a2261646d696e223b70617373776f72647c733a33323a223231323332663239376135376135613734333839346130653461383031666333223b666f746f7c733a31393a22666f746f5f313438343730333937322e6a7067223b6c6576656c7c733a313a2231223b757365725f69647c733a383a226173646661647366223b),
('dmu47fv4g33v2eljmv5tfjuvb52r39bk', '127.0.0.1', 1484919893, 0x5f5f63695f6c6173745f726567656e65726174657c693a313438343931393839333b),
('6dkmjjute1s6eetd2u0d1u276g4ippi6', '127.0.0.1', 1484919893, 0x5f5f63695f6c6173745f726567656e65726174657c693a313438343931393839333b),
('hk4udmj14v0t4s0kbq4ioiejis5vovth', '127.0.0.1', 1484920654, 0x5f5f63695f6c6173745f726567656e65726174657c693a313438343932303635343b6c6f676765645f696e7c733a31323a225375646168204c6f6767696e223b69647c733a313a2231223b6e616d617c733a31343a2248696c6d616e20456666656e6469223b757365726e616d657c733a353a2261646d696e223b70617373776f72647c733a33323a223231323332663239376135376135613734333839346130653461383031666333223b666f746f7c733a31393a22666f746f5f313438343730333937322e6a7067223b6c6576656c7c733a313a2231223b757365725f69647c733a383a226173646661647366223b),
('p5ihc46s3blcc2nobt24sutt47ssccul', '127.0.0.1', 1484922355, 0x5f5f63695f6c6173745f726567656e65726174657c693a313438343932323334303b6c6f676765645f696e7c733a31323a225375646168204c6f6767696e223b69647c733a313a2231223b6e616d617c733a31343a2248696c6d616e20456666656e6469223b757365726e616d657c733a353a2261646d696e223b70617373776f72647c733a33323a223231323332663239376135376135613734333839346130653461383031666333223b666f746f7c733a31393a22666f746f5f313438343730333937322e6a7067223b6c6576656c7c733a313a2231223b757365725f69647c733a383a226173646661647366223b),
('ci18b4jnjnckb3bl4om1m7j8vb6tl16e', '127.0.0.1', 1484923033, 0x5f5f63695f6c6173745f726567656e65726174657c693a313438343932333033333b6c6f676765645f696e7c733a31323a225375646168204c6f6767696e223b69647c733a313a2231223b6e616d617c733a31343a2248696c6d616e20456666656e6469223b757365726e616d657c733a353a2261646d696e223b70617373776f72647c733a33323a223231323332663239376135376135613734333839346130653461383031666333223b666f746f7c733a31393a22666f746f5f313438343931343332332e706e67223b6c6576656c7c733a313a2231223b757365725f69647c733a383a226173646661647366223b),
('77jjg8kj3cmkujkcu1jefolod73758oq', '127.0.0.1', 1484923033, 0x5f5f63695f6c6173745f726567656e65726174657c693a313438343932333033333b6c6f676765645f696e7c733a31323a225375646168204c6f6767696e223b69647c733a313a2231223b6e616d617c733a31343a2248696c6d616e20456666656e6469223b757365726e616d657c733a353a2261646d696e223b70617373776f72647c733a33323a223231323332663239376135376135613734333839346130653461383031666333223b666f746f7c733a31393a22666f746f5f313438343931343332332e706e67223b6c6576656c7c733a313a2231223b757365725f69647c733a383a226173646661647366223b),
('bs2hv68iejqp11ccb5lvl268cpf8ulok', '127.0.0.1', 1484928914, 0x5f5f63695f6c6173745f726567656e65726174657c693a313438343932383931343b),
('sspa4se7a2q27rbto072d7lqr28fbef9', '127.0.0.1', 1484928540, 0x5f5f63695f6c6173745f726567656e65726174657c693a313438343932383534303b),
('4djvmanhsulcb95shob8nbc96k7nmdkc', '127.0.0.1', 1484929270, 0x5f5f63695f6c6173745f726567656e65726174657c693a313438343932393237303b6c6f676765645f696e7c733a31323a225375646168204c6f6767696e223b69647c733a313a2231223b6e616d617c733a31343a2248696c6d616e20456666656e6469223b757365726e616d657c733a353a2261646d696e223b70617373776f72647c733a33323a223231323332663239376135376135613734333839346130653461383031666333223b666f746f7c733a31393a22666f746f5f313438343931343332332e706e67223b6c6576656c7c733a313a2231223b757365725f69647c733a383a226173646661647366223b),
('pcnr041qrs11hb2qockur4skd2u30qc4', '127.0.0.1', 1484929674, 0x5f5f63695f6c6173745f726567656e65726174657c693a313438343932393637343b6c6f676765645f696e7c733a31323a225375646168204c6f6767696e223b69647c733a313a2231223b6e616d617c733a31343a2248696c6d616e20456666656e6469223b757365726e616d657c733a353a2261646d696e223b70617373776f72647c733a33323a223231323332663239376135376135613734333839346130653461383031666333223b666f746f7c733a31393a22666f746f5f313438343931343332332e706e67223b6c6576656c7c733a313a2231223b757365725f69647c733a383a226173646661647366223b),
('9s725df6ch4lbfpp0e756l61qcorlitn', '127.0.0.1', 1484931088, 0x5f5f63695f6c6173745f726567656e65726174657c693a313438343933313038383b6c6f676765645f696e7c733a31323a225375646168204c6f6767696e223b69647c733a313a2231223b6e616d617c733a31343a2248696c6d616e20456666656e6469223b757365726e616d657c733a353a2261646d696e223b70617373776f72647c733a33323a223231323332663239376135376135613734333839346130653461383031666333223b666f746f7c733a31393a22666f746f5f313438343931343332332e706e67223b6c6576656c7c733a313a2231223b757365725f69647c733a383a226173646661647366223b),
('95jnpcn10hd85rtd2sooouh6nnlqdap4', '127.0.0.1', 1484929942, 0x5f5f63695f6c6173745f726567656e65726174657c693a313438343932393934323b),
('uo34qbds2g6m0no8p46c33f8jse227c5', '127.0.0.1', 1484934434, 0x5f5f63695f6c6173745f726567656e65726174657c693a313438343933343433343b6c6f676765645f696e7c733a31323a225375646168204c6f6767696e223b69647c733a313a2231223b6e616d617c733a31343a2248696c6d616e20456666656e6469223b757365726e616d657c733a353a2261646d696e223b70617373776f72647c733a33323a223231323332663239376135376135613734333839346130653461383031666333223b666f746f7c733a31393a22666f746f5f313438343931343332332e706e67223b6c6576656c7c733a313a2231223b757365725f69647c733a383a226173646661647366223b),
('qv2nroervh6besm4bg068caqmb46vknv', '127.0.0.1', 1484941125, 0x5f5f63695f6c6173745f726567656e65726174657c693a313438343934313132353b6c6f676765645f696e7c733a31323a225375646168204c6f6767696e223b69647c733a313a2231223b6e616d617c733a31343a2248696c6d616e20456666656e6469223b757365726e616d657c733a353a2261646d696e223b70617373776f72647c733a33323a223231323332663239376135376135613734333839346130653461383031666333223b666f746f7c733a31393a22666f746f5f313438343931343332332e706e67223b6c6576656c7c733a313a2231223b757365725f69647c733a383a226173646661647366223b),
('cr3did6g2fea9hanqk3gsj4238nijkm5', '127.0.0.1', 1484941488, 0x5f5f63695f6c6173745f726567656e65726174657c693a313438343934313438383b6c6f676765645f696e7c733a31323a225375646168204c6f6767696e223b69647c733a313a2234223b6e616d617c733a343a226d61726b223b757365726e616d657c733a343a2275736572223b70617373776f72647c733a33323a226565313163626231393035326534306230376161633063613036306332336565223b666f746f7c733a31393a22666f746f5f313438343934313236332e706e67223b6c6576656c7c733a313a2230223b757365725f69647c733a31353a22555345525f31343834393431323633223b),
('v3ctffdcodapihr7ku5g21454r7v8m2a', '127.0.0.1', 1484942407, 0x5f5f63695f6c6173745f726567656e65726174657c693a313438343934323430373b6c6f676765645f696e7c733a31323a225375646168204c6f6767696e223b69647c733a313a2231223b6e616d617c733a31343a2248696c6d616e20456666656e6469223b757365726e616d657c733a353a2261646d696e223b70617373776f72647c733a33323a223231323332663239376135376135613734333839346130653461383031666333223b666f746f7c733a31393a22666f746f5f313438343931343332332e706e67223b6c6576656c7c733a313a2231223b757365725f69647c733a383a226173646661647366223b),
('30sdrtl08m9459pa0a96mnnqjfh4ikfc', '127.0.0.1', 1484942718, 0x5f5f63695f6c6173745f726567656e65726174657c693a313438343934323731383b6c6f676765645f696e7c733a31323a225375646168204c6f6767696e223b69647c733a313a2231223b6e616d617c733a31343a2248696c6d616e20456666656e6469223b757365726e616d657c733a353a2261646d696e223b70617373776f72647c733a33323a223231323332663239376135376135613734333839346130653461383031666333223b666f746f7c733a31393a22666f746f5f313438343931343332332e706e67223b6c6576656c7c733a313a2231223b757365725f69647c733a383a226173646661647366223b),
('21egdg4jo341tn0ui0331nk3com0ta05', '127.0.0.1', 1484942718, 0x5f5f63695f6c6173745f726567656e65726174657c693a313438343934323731383b6c6f676765645f696e7c733a31323a225375646168204c6f6767696e223b69647c733a313a2231223b6e616d617c733a31343a2248696c6d616e20456666656e6469223b757365726e616d657c733a353a2261646d696e223b70617373776f72647c733a33323a223231323332663239376135376135613734333839346130653461383031666333223b666f746f7c733a31393a22666f746f5f313438343931343332332e706e67223b6c6576656c7c733a313a2231223b757365725f69647c733a383a226173646661647366223b),
('00q1ifu3j9h7kv8i46vblnp4s1uopme2', '127.0.0.1', 1515774574, 0x5f5f63695f6c6173745f726567656e65726174657c693a313531353737343535333b),
('qn1dhalmcocsie8qm8egmlmfgvr0ak0v', '127.0.0.1', 1515995752, 0x5f5f63695f6c6173745f726567656e65726174657c693a313531353939353532333b),
('q88m3b0c15ni6vuv76j5vqk234beflj3', '127.0.0.1', 1516008958, 0x5f5f63695f6c6173745f726567656e65726174657c693a313531363030383935383b),
('e82gi7ba73ea3ud8diqkndf78705duv1', '127.0.0.1', 1516009214, 0x5f5f63695f6c6173745f726567656e65726174657c693a313531363030383936393b6c6f676765645f696e7c733a31323a225375646168204c6f6767696e223b69647c733a313a2231223b6e616d617c733a31343a2248696c6d616e20456666656e6469223b757365726e616d657c733a353a2261646d696e223b70617373776f72647c733a33323a223231323332663239376135376135613734333839346130653461383031666333223b666f746f7c733a31393a22666f746f5f313438343931343332332e706e67223b6c6576656c7c733a313a2231223b757365725f69647c733a383a226173646661647366223b),
('uudeadjiuobcr5ft8t3ahhuglpusmc95', '127.0.0.1', 1516021075, 0x5f5f63695f6c6173745f726567656e65726174657c693a313531363032303833313b6c6f676765645f696e7c733a31323a225375646168204c6f6767696e223b69647c733a313a2231223b6e616d617c733a31343a2248696c6d616e20456666656e6469223b757365726e616d657c733a353a2261646d696e223b70617373776f72647c733a33323a223231323332663239376135376135613734333839346130653461383031666333223b666f746f7c733a31393a22666f746f5f313438343931343332332e706e67223b6c6576656c7c733a313a2231223b757365725f69647c733a383a226173646661647366223b),
('hjrmbcim0ojuadus589r2vrb12o7nfih', '127.0.0.1', 1516021097, 0x5f5f63695f6c6173745f726567656e65726174657c693a313531363032303932383b6c6f676765645f696e7c733a31323a225375646168204c6f6767696e223b69647c733a313a2234223b6e616d617c733a343a226d61726b223b757365726e616d657c733a343a2275736572223b70617373776f72647c733a33323a226565313163626231393035326534306230376161633063613036306332336565223b666f746f7c733a31393a22666f746f5f313438343934313236332e706e67223b6c6576656c7c733a313a2230223b757365725f69647c733a31353a22555345525f31343834393431323633223b);

-- --------------------------------------------------------

--
-- Struktur dari tabel `t_about`
--

CREATE TABLE `t_about` (
  `id` int(11) NOT NULL,
  `nama` varchar(100) NOT NULL,
  `judul` varchar(100) NOT NULL,
  `deskripsi` text NOT NULL,
  `email` varchar(100) NOT NULL,
  `telepon` varchar(15) NOT NULL,
  `foto` text NOT NULL
) ENGINE=InnoDB DEFAULT CHARSET=latin1;

--
-- Dumping data untuk tabel `t_about`
--

INSERT INTO `t_about` (`id`, `nama`, `judul`, `deskripsi`, `email`, `telepon`, `foto`) VALUES
(1, 'Mamang walker', 'SISTEM INFORMASI GEOGRAFI PENJAHIT', 'SIG Penjahit Kota Tasikmalaya merupakan sebuah sistem informasi yang memberikan data lokasi penjahit  asdfsadfasd', 'mamangwalker@gmail.com', '085216103251', 'foto_1516021058.JPG');

-- --------------------------------------------------------

--
-- Struktur dari tabel `t_detail_foto`
--

CREATE TABLE `t_detail_foto` (
  `id` int(11) NOT NULL,
  `foto` text,
  `penjahit_id` int(11) DEFAULT NULL
) ENGINE=InnoDB DEFAULT CHARSET=latin1;

--
-- Dumping data untuk tabel `t_detail_foto`
--

INSERT INTO `t_detail_foto` (`id`, `foto`, `penjahit_id`) VALUES
(1, 'foto_1484916490.jpg', 1),
(2, 'foto_1484916496.jpg', 1),
(3, 'foto_1484941558.jpg', 3),
(4, 'foto_1484941567.jpg', 3),
(7, 'foto_1484941634.jpg', 3);

-- --------------------------------------------------------

--
-- Struktur dari tabel `t_jenis_mesin`
--

CREATE TABLE `t_jenis_mesin` (
  `id` int(11) NOT NULL,
  `nama` varchar(100) NOT NULL
) ENGINE=InnoDB DEFAULT CHARSET=latin1;

--
-- Dumping data untuk tabel `t_jenis_mesin`
--

INSERT INTO `t_jenis_mesin` (`id`, `nama`) VALUES
(1, 'Mesin Jahit Klasik'),
(2, 'Mesin Jahit HighSpeed'),
(3, 'Mesin Jahit Automatic'),
(4, 'Mesin Jahit Obras'),
(5, 'Mesin Lubang Kancing'),
(6, 'Mesin Jahit Jarum Dua Rantai (Distro)');

-- --------------------------------------------------------

--
-- Struktur dari tabel `t_jenis_penjahit`
--

CREATE TABLE `t_jenis_penjahit` (
  `id` int(11) NOT NULL,
  `nama` varchar(100) NOT NULL,
  `foto` text NOT NULL
) ENGINE=InnoDB DEFAULT CHARSET=latin1;

--
-- Dumping data untuk tabel `t_jenis_penjahit`
--

INSERT INTO `t_jenis_penjahit` (`id`, `nama`, `foto`) VALUES
(1, 'Kategori A', 'foto_1484922536.png'),
(2, 'Kategori B', 'foto_1484922549.png'),
(3, 'Kategori C', 'foto_1484922562.png'),
(4, 'Kategori D', 'foto_1484922581.png');

-- --------------------------------------------------------

--
-- Struktur dari tabel `t_member`
--

CREATE TABLE `t_member` (
  `id` int(11) NOT NULL,
  `nama` varchar(100) NOT NULL,
  `username` varchar(50) NOT NULL,
  `password` text NOT NULL,
  `user_id` text NOT NULL,
  `level` int(1) NOT NULL,
  `foto` text NOT NULL,
  `status` int(11) NOT NULL
) ENGINE=InnoDB DEFAULT CHARSET=latin1;

--
-- Dumping data untuk tabel `t_member`
--

INSERT INTO `t_member` (`id`, `nama`, `username`, `password`, `user_id`, `level`, `foto`, `status`) VALUES
(1, 'Hilman Effendi', 'admin', '21232f297a57a5a743894a0e4a801fc3', 'asdfadsf', 1, 'foto_1484914323.png', 1),
(2, '', '', '', 'USER_1484915054', 0, '', 0),
(3, '', '', '', 'USER_1484929000', 0, '', 0),
(4, 'mark', 'user', 'ee11cbb19052e40b07aac0ca060c23ee', 'USER_1484941263', 0, 'foto_1484941263.png', 0);

-- --------------------------------------------------------

--
-- Struktur dari tabel `t_penjahit`
--

CREATE TABLE `t_penjahit` (
  `id` int(11) NOT NULL,
  `nama` varchar(100) DEFAULT NULL,
  `alamat` text,
  `foto` text,
  `latitude` text,
  `longitude` text,
  `user_id` text,
  `status_penjahit` int(11) NOT NULL,
  `status_user` int(11) NOT NULL,
  `jenis_penjahit_id` int(11) NOT NULL,
  `jenis_mesin_id` int(11) NOT NULL,
  `info_harga` varchar(100) DEFAULT NULL,
  `lama_pengerjaan` varchar(100) DEFAULT NULL,
  `jadwal_toko` varchar(100) DEFAULT NULL
) ENGINE=InnoDB DEFAULT CHARSET=latin1;

--
-- Dumping data untuk tabel `t_penjahit`
--

INSERT INTO `t_penjahit` (`id`, `nama`, `alamat`, `foto`, `latitude`, `longitude`, `user_id`, `status_penjahit`, `status_user`, `jenis_penjahit_id`, `jenis_mesin_id`, `info_harga`, `lama_pengerjaan`, `jadwal_toko`) VALUES
(1, 'Mark Tailor', 'Jl. Raya Rajapolah - Tasikmalaya No.272, Panyingkiran, Indihiang, Tasikmalaya, Jawa Barat 46151, Indonesia', 'foto_1484915054.jpg', '-7.3062089', '108.20759120000002', 'USER_1484915054', 1, 0, 1, 1, '20.000 /pcs', '1 Hari', 'Senin - Kamis (08:00 - 15:00) '),
(2, 'a', 'Unnamed Road, Cikadongdong, Singaparna, Tasikmalaya, Jawa Barat 46418, Indonesia', 'foto_1484929000.png', '-7.359738', '108.16271200000006', 'USER_1484929000', 1, 0, 2, 2, '9', 'k', 'k'),
(3, 'facebook tailor', 'Jl. Letjen Mashudi, Karsamenak, Kawalu, Tasikmalaya, Jawa Barat 46182, Indonesia', 'foto_1484941409.jpg', '-7.371612099999999', '108.21927759999994', 'USER_1484941263', 1, 1, 3, 4, '20.000 /pcs', '1 Hari', 'Senin - Kamis (08:00 - 15:00)');

-- --------------------------------------------------------

--
-- Struktur dari tabel `t_slider`
--

CREATE TABLE `t_slider` (
  `id` int(11) NOT NULL,
  `judul` varchar(100) NOT NULL,
  `keterangan` text NOT NULL,
  `foto` text NOT NULL,
  `class` text NOT NULL,
  `urut` int(11) NOT NULL
) ENGINE=InnoDB DEFAULT CHARSET=latin1;

--
-- Dumping data untuk tabel `t_slider`
--

INSERT INTO `t_slider` (`id`, `judul`, `keterangan`, `foto`, `class`, `urut`) VALUES
(1, 'SISTEM INFORMASI GEOGRAFIS PENJAHIT KOTA TASIKMALAYA', 'Selamat datang di sistem informasi geografis kota tasiklmaya, webiste ini bertujuan membantu memasarkan tukang jahit dan memudahkan pelanggan menemukan lokasi tukang jahit', 'foto_1480540636.png', 'item active', 0),
(2, 'Lokasi Penjahit', 'SIG Penjahit dibuat untuk memudahkan pengguna menelukan lokasi penjahit', 'foto_1480585586.jpg', 'item', 1),
(3, 'Menambahkan Lokasi', 'Dengan menggunakan SIG Penjahit ini , penjahit dapat mempublish lokasinya.\r\nKlik disini untuk <a href=\"http://sig.com/login\">mendaftar</a> !', 'foto_1480586288.png', 'item', 2),
(4, 'Pencarian Lokasi', 'Pengunjung dapat dengan mudah mencari lokasi penjahit', 'foto_1480590107.jpg', 'item', 3),
(5, 'Google Street View', 'Dengan menggunakan fitur google street vew pengunjung dapat lebih mudah dalam melihat detail lokasi penjahit ', 'foto_1480590906.png', 'item', 4);

-- --------------------------------------------------------

--
-- Struktur dari tabel `t_tamu`
--

CREATE TABLE `t_tamu` (
  `id` int(11) NOT NULL,
  `tanggal` date NOT NULL,
  `jam` time NOT NULL,
  `nama` varchar(100) NOT NULL,
  `email` varchar(100) NOT NULL,
  `pesan` text NOT NULL
) ENGINE=InnoDB DEFAULT CHARSET=latin1;

--
-- Dumping data untuk tabel `t_tamu`
--

INSERT INTO `t_tamu` (`id`, `tanggal`, `jam`, `nama`, `email`, `pesan`) VALUES
(1, '2016-11-29', '22:06:21', 'abdul', 'abdulmutolib@gmail.com', 'wow websitenya sangat membantu sekali '),
(2, '2016-11-29', '22:35:30', 'imam', 'imam@gmail.com', 'komentar'),
(4, '2016-12-01', '12:17:14', 'dsh', 'hjdhsjad@gmail.com', 'hdjshadjks');

-- --------------------------------------------------------

--
-- Stand-in structure for view `view_penjahit`
-- (Lihat di bawah untuk tampilan aktual)
--
CREATE TABLE `view_penjahit` (
`id` int(11)
,`nama` varchar(100)
,`jenis_penjahit_id` int(11)
,`nama_jenis` varchar(100)
,`icon_marker` text
,`jenis_mesin_id` int(11)
,`nama_mesin` varchar(100)
,`jadwal_toko` varchar(100)
,`lama_pengerjaan` varchar(100)
,`info_harga` varchar(100)
,`alamat` text
,`foto` text
,`latitude` text
,`longitude` text
,`user_id` text
,`status_penjahit` int(11)
,`status_user` int(11)
);

-- --------------------------------------------------------

--
-- Struktur untuk view `view_penjahit`
--
DROP TABLE IF EXISTS `view_penjahit`;

CREATE ALGORITHM=UNDEFINED DEFINER=`root`@`localhost` SQL SECURITY DEFINER VIEW `view_penjahit`  AS  select `t_penjahit`.`id` AS `id`,`t_penjahit`.`nama` AS `nama`,`t_jenis_penjahit`.`id` AS `jenis_penjahit_id`,`t_jenis_penjahit`.`nama` AS `nama_jenis`,`t_jenis_penjahit`.`foto` AS `icon_marker`,`t_jenis_mesin`.`id` AS `jenis_mesin_id`,`t_jenis_mesin`.`nama` AS `nama_mesin`,`t_penjahit`.`jadwal_toko` AS `jadwal_toko`,`t_penjahit`.`lama_pengerjaan` AS `lama_pengerjaan`,`t_penjahit`.`info_harga` AS `info_harga`,`t_penjahit`.`alamat` AS `alamat`,`t_penjahit`.`foto` AS `foto`,`t_penjahit`.`latitude` AS `latitude`,`t_penjahit`.`longitude` AS `longitude`,`t_penjahit`.`user_id` AS `user_id`,`t_penjahit`.`status_penjahit` AS `status_penjahit`,`t_penjahit`.`status_user` AS `status_user` from ((`t_penjahit` join `t_jenis_penjahit` on((`t_penjahit`.`jenis_penjahit_id` = `t_jenis_penjahit`.`id`))) join `t_jenis_mesin` on((`t_penjahit`.`jenis_mesin_id` = `t_jenis_mesin`.`id`))) ;

--
-- Indexes for dumped tables
--

--
-- Indexes for table `ci_session`
--
ALTER TABLE `ci_session`
  ADD KEY `ci_sessions_timestamp` (`timestamp`);

--
-- Indexes for table `t_about`
--
ALTER TABLE `t_about`
  ADD PRIMARY KEY (`id`);

--
-- Indexes for table `t_detail_foto`
--
ALTER TABLE `t_detail_foto`
  ADD PRIMARY KEY (`id`);

--
-- Indexes for table `t_jenis_mesin`
--
ALTER TABLE `t_jenis_mesin`
  ADD PRIMARY KEY (`id`);

--
-- Indexes for table `t_jenis_penjahit`
--
ALTER TABLE `t_jenis_penjahit`
  ADD PRIMARY KEY (`id`);

--
-- Indexes for table `t_member`
--
ALTER TABLE `t_member`
  ADD PRIMARY KEY (`id`);

--
-- Indexes for table `t_penjahit`
--
ALTER TABLE `t_penjahit`
  ADD PRIMARY KEY (`id`),
  ADD KEY `jenis_mesin_id` (`jenis_mesin_id`),
  ADD KEY `jenis_penjahit_id` (`jenis_penjahit_id`);

--
-- Indexes for table `t_slider`
--
ALTER TABLE `t_slider`
  ADD PRIMARY KEY (`id`);

--
-- Indexes for table `t_tamu`
--
ALTER TABLE `t_tamu`
  ADD PRIMARY KEY (`id`);

--
-- AUTO_INCREMENT for dumped tables
--

--
-- AUTO_INCREMENT for table `t_about`
--
ALTER TABLE `t_about`
  MODIFY `id` int(11) NOT NULL AUTO_INCREMENT, AUTO_INCREMENT=2;

--
-- AUTO_INCREMENT for table `t_detail_foto`
--
ALTER TABLE `t_detail_foto`
  MODIFY `id` int(11) NOT NULL AUTO_INCREMENT, AUTO_INCREMENT=8;

--
-- AUTO_INCREMENT for table `t_jenis_mesin`
--
ALTER TABLE `t_jenis_mesin`
  MODIFY `id` int(11) NOT NULL AUTO_INCREMENT, AUTO_INCREMENT=7;

--
-- AUTO_INCREMENT for table `t_jenis_penjahit`
--
ALTER TABLE `t_jenis_penjahit`
  MODIFY `id` int(11) NOT NULL AUTO_INCREMENT, AUTO_INCREMENT=5;

--
-- AUTO_INCREMENT for table `t_member`
--
ALTER TABLE `t_member`
  MODIFY `id` int(11) NOT NULL AUTO_INCREMENT, AUTO_INCREMENT=5;

--
-- AUTO_INCREMENT for table `t_penjahit`
--
ALTER TABLE `t_penjahit`
  MODIFY `id` int(11) NOT NULL AUTO_INCREMENT, AUTO_INCREMENT=4;

--
-- AUTO_INCREMENT for table `t_slider`
--
ALTER TABLE `t_slider`
  MODIFY `id` int(11) NOT NULL AUTO_INCREMENT, AUTO_INCREMENT=6;

--
-- AUTO_INCREMENT for table `t_tamu`
--
ALTER TABLE `t_tamu`
  MODIFY `id` int(11) NOT NULL AUTO_INCREMENT, AUTO_INCREMENT=5;
COMMIT;

/*!40101 SET CHARACTER_SET_CLIENT=@OLD_CHARACTER_SET_CLIENT */;
/*!40101 SET CHARACTER_SET_RESULTS=@OLD_CHARACTER_SET_RESULTS */;
/*!40101 SET COLLATION_CONNECTION=@OLD_COLLATION_CONNECTION */;
